,expt,rig,exptName,exptDate,maleGT,maleDOB,maleAge,femaleGT,femaleDOB,femaleAge,cop,copFrame,exptpath,songpath,datapath
6,20230515_130717,left,20230515_130717left,2023-05-15,NM91,2023-05-10,5,pc2_tnt,2023-05-11,4,1,47470,"/run/user/1000/gvfs/smb-share:server=cup.pni.princeton.edu,share=murthy/Kyle/flies/pc2l_tnt/20230515_130717/left/20230515_130717left.h5","/run/user/1000/gvfs/smb-share:server=cup.pni.princeton.edu,share=murthy/Kyle/flies/pc2l_tnt/20230515_130717/left/sInf_params_new16mic.mat","/run/user/1000/gvfs/smb-share:server=cup.pni.princeton.edu,share=murthy/Kyle/flies/pc2l_tnt/20230515_130717/left/vSampleNumber_at_Frame.h5"
7,20230515_130717,right,20230515_130717right,2023-05-15,NM91,2023-05-11,4,pc2_control,2023-05-11,4,1,102841,"/run/user/1000/gvfs/smb-share:server=cup.pni.princeton.edu,share=murthy/Kyle/flies/pc2l_tnt/20230515_130717/right/20230515_130717right.h5","/run/user/1000/gvfs/smb-share:server=cup.pni.princeton.edu,share=murthy/Kyle/flies/pc2l_tnt/20230515_130717/right/sInf_params_new16mic.mat","/run/user/1000/gvfs/smb-share:server=cup.pni.princeton.edu,share=murthy/Kyle/flies/pc2l_tnt/20230515_130717/right/vSampleNumber_at_Frame.h5"
8,20230515_162806,left,20230515_162806left,2023-05-15,NM91,2023-05-11,4,pc2_tnt,2023-05-10,5,0,NaN,"/run/user/1000/gvfs/smb-share:server=cup.pni.princeton.edu,share=murthy/Kyle/flies/pc2l_tnt/20230515_162806/left/20230515_162806left.h5","/run/user/1000/gvfs/smb-share:server=cup.pni.princeton.edu,share=murthy/Kyle/flies/pc2l_tnt/20230515_162806/left/sInf_params_new16mic.mat","/run/user/1000/gvfs/smb-share:server=cup.pni.princeton.edu,share=murthy/Kyle/flies/pc2l_tnt/20230515_162806/left/vSampleNumber_at_Frame.h5"
9,20230515_162806,right,20230515_162806right,2023-05-15,NM91,2023-05-10,5,pc2_control,2023-05-10,5,1,11021,"/run/user/1000/gvfs/smb-share:server=cup.pni.princeton.edu,share=murthy/Kyle/flies/pc2l_tnt/20230515_162806/right/20230515_162806right.h5","/run/user/1000/gvfs/smb-share:server=cup.pni.princeton.edu,share=murthy/Kyle/flies/pc2l_tnt/20230515_162806/right/sInf_params_new16mic.mat","/run/user/1000/gvfs/smb-share:server=cup.pni.princeton.edu,share=murthy/Kyle/flies/pc2l_tnt/20230515_162806/right/vSampleNumber_at_Frame.h5"
10,20230516_110613,left,20230516_110613left,2023-05-16,NM91,2023-05-10,6,pc2_tnt,2023-05-10,6,0,NaN,"/run/user/1000/gvfs/smb-share:server=cup.pni.princeton.edu,share=murthy/Kyle/flies/pc2l_tnt/20230516_110613/left/20230516_110613left.h5","/run/user/1000/gvfs/smb-share:server=cup.pni.princeton.edu,share=murthy/Kyle/flies/pc2l_tnt/20230516_110613/left/sInf_params_new16mic.mat","/run/user/1000/gvfs/smb-share:server=cup.pni.princeton.edu,share=murthy/Kyle/flies/pc2l_tnt/20230516_110613/left/vSampleNumber_at_Frame.h5"
11,20230516_110613,right,20230516_110613right,2023-05-16,NM91,2023-05-10,6,pc2_control,2023-05-10,6,1,23573,"/run/user/1000/gvfs/smb-share:server=cup.pni.princeton.edu,share=murthy/Kyle/flies/pc2l_tnt/20230516_110613/right/20230516_110613right.h5","/run/user/1000/gvfs/smb-share:server=cup.pni.princeton.edu,share=murthy/Kyle/flies/pc2l_tnt/20230516_110613/right/sInf_params_new16mic.mat","/run/user/1000/gvfs/smb-share:server=cup.pni.princeton.edu,share=murthy/Kyle/flies/pc2l_tnt/20230516_110613/right/vSampleNumber_at_Frame.h5"
12,20230516_114205,left,20230516_114205left,2023-05-16,NM91,2023-05-10,6,pc2_tnt,2023-05-10,6,1,28192,"/run/user/1000/gvfs/smb-share:server=cup.pni.princeton.edu,share=murthy/Kyle/flies/pc2l_tnt/20230516_114205/left/20230516_114205left.h5","/run/user/1000/gvfs/smb-share:server=cup.pni.princeton.edu,share=murthy/Kyle/flies/pc2l_tnt/20230516_114205/left/sInf_params_new16mic.mat","/run/user/1000/gvfs/smb-share:server=cup.pni.princeton.edu,share=murthy/Kyle/flies/pc2l_tnt/20230516_114205/left/vSampleNumber_at_Frame.h5"
13,20230516_114205,right,20230516_114205right,2023-05-16,NM91,2023-05-10,6,pc2_control,2023-05-12,4,1,79441,"/run/user/1000/gvfs/smb-share:server=cup.pni.princeton.edu,share=murthy/Kyle/flies/pc2l_tnt/20230516_114205/right/20230516_114205right.h5","/run/user/1000/gvfs/smb-share:server=cup.pni.princeton.edu,share=murthy/Kyle/flies/pc2l_tnt/20230516_114205/right/sInf_params_new16mic.mat","/run/user/1000/gvfs/smb-share:server=cup.pni.princeton.edu,share=murthy/Kyle/flies/pc2l_tnt/20230516_114205/right/vSampleNumber_at_Frame.h5"
14,20230516_121910,left,20230516_121910left,2023-05-16,NM91,2023-05-10,6,pc2_tnt,2023-05-10,6,0,NaN,"/run/user/1000/gvfs/smb-share:server=cup.pni.princeton.edu,share=murthy/Kyle/flies/pc2l_tnt/20230516_121910/left/20230516_121910left.h5","/run/user/1000/gvfs/smb-share:server=cup.pni.princeton.edu,share=murthy/Kyle/flies/pc2l_tnt/20230516_121910/left/sInf_params_new16mic.mat","/run/user/1000/gvfs/smb-share:server=cup.pni.princeton.edu,share=murthy/Kyle/flies/pc2l_tnt/20230516_121910/left/vSampleNumber_at_Frame.h5"
15,20230516_121910,right,20230516_121910right,2023-05-16,NM91,2023-05-10,6,pc2_control,2023-05-12,4,1,52398,"/run/user/1000/gvfs/smb-share:server=cup.pni.princeton.edu,share=murthy/Kyle/flies/pc2l_tnt/20230516_121910/right/20230516_121910right.h5","/run/user/1000/gvfs/smb-share:server=cup.pni.princeton.edu,share=murthy/Kyle/flies/pc2l_tnt/20230516_121910/right/sInf_params_new16mic.mat","/run/user/1000/gvfs/smb-share:server=cup.pni.princeton.edu,share=murthy/Kyle/flies/pc2l_tnt/20230516_121910/right/vSampleNumber_at_Frame.h5"
16,20230516_150416,left,20230516_150416left,2023-05-16,NM91,2023-05-11,5,pc2_control,2023-05-12,4,1,16352,"/run/user/1000/gvfs/smb-share:server=cup.pni.princeton.edu,share=murthy/Kyle/flies/pc2l_tnt/20230516_150416/left/20230516_150416left.h5","/run/user/1000/gvfs/smb-share:server=cup.pni.princeton.edu,share=murthy/Kyle/flies/pc2l_tnt/20230516_150416/left/sInf_params_new16mic.mat","/run/user/1000/gvfs/smb-share:server=cup.pni.princeton.edu,share=murthy/Kyle/flies/pc2l_tnt/20230516_150416/left/vSampleNumber_at_Frame.h5"
17,20230516_150416,right,20230516_150416right,2023-05-16,NM91,2023-05-11,5,pc2_control,2023-05-12,4,1,41962,"/run/user/1000/gvfs/smb-share:server=cup.pni.princeton.edu,share=murthy/Kyle/flies/pc2l_tnt/20230516_150416/right/20230516_150416right.h5","/run/user/1000/gvfs/smb-share:server=cup.pni.princeton.edu,share=murthy/Kyle/flies/pc2l_tnt/20230516_150416/right/sInf_params_new16mic.mat","/run/user/1000/gvfs/smb-share:server=cup.pni.princeton.edu,share=murthy/Kyle/flies/pc2l_tnt/20230516_150416/right/vSampleNumber_at_Frame.h5"
18,20230516_154333,left,20230516_154333left,2023-05-16,NM91,2023-05-11,5,pc2_control,2023-05-12,4,1,66979,"/run/user/1000/gvfs/smb-share:server=cup.pni.princeton.edu,share=murthy/Kyle/flies/pc2l_tnt/20230516_154333/left/20230516_154333left.h5","/run/user/1000/gvfs/smb-share:server=cup.pni.princeton.edu,share=murthy/Kyle/flies/pc2l_tnt/20230516_154333/left/sInf_params_new16mic.mat","/run/user/1000/gvfs/smb-share:server=cup.pni.princeton.edu,share=murthy/Kyle/flies/pc2l_tnt/20230516_154333/left/vSampleNumber_at_Frame.h5"
19,20230516_154333,right,20230516_154333right,2023-05-16,NM91,2023-05-10,6,pc2_control,2023-05-12,4,1,8725,"/run/user/1000/gvfs/smb-share:server=cup.pni.princeton.edu,share=murthy/Kyle/flies/pc2l_tnt/20230516_154333/right/20230516_154333right.h5","/run/user/1000/gvfs/smb-share:server=cup.pni.princeton.edu,share=murthy/Kyle/flies/pc2l_tnt/20230516_154333/right/sInf_params_new16mic.mat","/run/user/1000/gvfs/smb-share:server=cup.pni.princeton.edu,share=murthy/Kyle/flies/pc2l_tnt/20230516_154333/right/vSampleNumber_at_Frame.h5"
20,20230516_161658,left,20230516_161658left,2023-05-16,NM91,2023-05-11,5,pc2_control,2023-05-12,4,1,18239,"/run/user/1000/gvfs/smb-share:server=cup.pni.princeton.edu,share=murthy/Kyle/flies/pc2l_tnt/20230516_161658/left/20230516_161658left.h5","/run/user/1000/gvfs/smb-share:server=cup.pni.princeton.edu,share=murthy/Kyle/flies/pc2l_tnt/20230516_161658/left/sInf_params_new16mic.mat","/run/user/1000/gvfs/smb-share:server=cup.pni.princeton.edu,share=murthy/Kyle/flies/pc2l_tnt/20230516_161658/left/vSampleNumber_at_Frame.h5"
21,20230516_161658,right,20230516_161658right,2023-05-16,NM91,2023-05-10,6,pc2_control,2023-05-12,4,1,13679,"/run/user/1000/gvfs/smb-share:server=cup.pni.princeton.edu,share=murthy/Kyle/flies/pc2l_tnt/20230516_161658/right/20230516_161658right.h5","/run/user/1000/gvfs/smb-share:server=cup.pni.princeton.edu,share=murthy/Kyle/flies/pc2l_tnt/20230516_161658/right/sInf_params_new16mic.mat","/run/user/1000/gvfs/smb-share:server=cup.pni.princeton.edu,share=murthy/Kyle/flies/pc2l_tnt/20230516_161658/right/vSampleNumber_at_Frame.h5"
22,20230517_094418,left,20230517_094418left,2023-05-17,NM91,2023-05-11,6,pc2_tnt,2023-05-12,5,0,NaN,"/run/user/1000/gvfs/smb-share:server=cup.pni.princeton.edu,share=murthy/Kyle/flies/pc2l_tnt/20230517_094418/left/20230517_094418left.h5","/run/user/1000/gvfs/smb-share:server=cup.pni.princeton.edu,share=murthy/Kyle/flies/pc2l_tnt/20230517_094418/left/sInf_params_new16mic.mat","/run/user/1000/gvfs/smb-share:server=cup.pni.princeton.edu,share=murthy/Kyle/flies/pc2l_tnt/20230517_094418/left/vSampleNumber_at_Frame.h5"
24,20230517_102122,left,20230517_102122left,2023-05-17,NM91,2023-05-11,6,pc2_tnt,2023-05-12,5,0,NaN,"/run/user/1000/gvfs/smb-share:server=cup.pni.princeton.edu,share=murthy/Kyle/flies/pc2l_tnt/20230517_102122/left/20230517_102122left.h5","/run/user/1000/gvfs/smb-share:server=cup.pni.princeton.edu,share=murthy/Kyle/flies/pc2l_tnt/20230517_102122/left/sInf_params_new16mic.mat","/run/user/1000/gvfs/smb-share:server=cup.pni.princeton.edu,share=murthy/Kyle/flies/pc2l_tnt/20230517_102122/left/vSampleNumber_at_Frame.h5"
25,20230517_111345,right,20230517_111345right,2023-05-17,NM91,2023-05-10,7,pc2_control,2023-05-12,5,1,13797,"/run/user/1000/gvfs/smb-share:server=cup.pni.princeton.edu,share=murthy/Kyle/flies/pc2l_tnt/20230517_111345/right/20230517_111345right.h5","/run/user/1000/gvfs/smb-share:server=cup.pni.princeton.edu,share=murthy/Kyle/flies/pc2l_tnt/20230517_111345/right/sInf_params_new16mic.mat","/run/user/1000/gvfs/smb-share:server=cup.pni.princeton.edu,share=murthy/Kyle/flies/pc2l_tnt/20230517_111345/right/vSampleNumber_at_Frame.h5"
26,20230517_111345,left,20230517_111345left,2023-05-17,NM91,2023-05-10,7,pc2_control,2023-05-12,5,1,10053,"/run/user/1000/gvfs/smb-share:server=cup.pni.princeton.edu,share=murthy/Kyle/flies/pc2l_tnt/20230517_111345/left/20230517_111345left.h5","/run/user/1000/gvfs/smb-share:server=cup.pni.princeton.edu,share=murthy/Kyle/flies/pc2l_tnt/20230517_111345/left/sInf_params_new16mic.mat","/run/user/1000/gvfs/smb-share:server=cup.pni.princeton.edu,share=murthy/Kyle/flies/pc2l_tnt/20230517_111345/left/vSampleNumber_at_Frame.h5"
27,20230517_132156,right,20230517_132156right,2023-05-17,NM91,2023-05-11,6,pc2_tnt,2023-05-12,5,0,NaN,"/run/user/1000/gvfs/smb-share:server=cup.pni.princeton.edu,share=murthy/Kyle/flies/pc2l_tnt/20230517_132156/right/20230517_132156right.h5","/run/user/1000/gvfs/smb-share:server=cup.pni.princeton.edu,share=murthy/Kyle/flies/pc2l_tnt/20230517_132156/right/sInf_params_new16mic.mat","/run/user/1000/gvfs/smb-share:server=cup.pni.princeton.edu,share=murthy/Kyle/flies/pc2l_tnt/20230517_132156/right/vSampleNumber_at_Frame.h5"
28,20230517_132156,left,20230517_132156left,2023-05-17,NM91,2023-05-10,7,pc2_control,2023-05-12,5,1,36215,"/run/user/1000/gvfs/smb-share:server=cup.pni.princeton.edu,share=murthy/Kyle/flies/pc2l_tnt/20230517_132156/left/20230517_132156left.h5","/run/user/1000/gvfs/smb-share:server=cup.pni.princeton.edu,share=murthy/Kyle/flies/pc2l_tnt/20230517_132156/left/sInf_params_new16mic.mat","/run/user/1000/gvfs/smb-share:server=cup.pni.princeton.edu,share=murthy/Kyle/flies/pc2l_tnt/20230517_132156/left/vSampleNumber_at_Frame.h5"
29,20230517_141602,right,20230517_141602right,2023-05-17,NM91,2023-05-11,6,pc2_tnt,2023-05-12,5,0,NaN,"/run/user/1000/gvfs/smb-share:server=cup.pni.princeton.edu,share=murthy/Kyle/flies/pc2l_tnt/20230517_141602/right/20230517_141602right.h5","/run/user/1000/gvfs/smb-share:server=cup.pni.princeton.edu,share=murthy/Kyle/flies/pc2l_tnt/20230517_141602/right/sInf_params_new16mic.mat","/run/user/1000/gvfs/smb-share:server=cup.pni.princeton.edu,share=murthy/Kyle/flies/pc2l_tnt/20230517_141602/right/vSampleNumber_at_Frame.h5"
30,20230517_141602,left,20230517_141602left,2023-05-17,NM91,2023-05-10,7,pc2_control,2023-05-12,5,1,19377,"/run/user/1000/gvfs/smb-share:server=cup.pni.princeton.edu,share=murthy/Kyle/flies/pc2l_tnt/20230517_141602/left/20230517_141602left.h5","/run/user/1000/gvfs/smb-share:server=cup.pni.princeton.edu,share=murthy/Kyle/flies/pc2l_tnt/20230517_141602/left/sInf_params_new16mic.mat","/run/user/1000/gvfs/smb-share:server=cup.pni.princeton.edu,share=murthy/Kyle/flies/pc2l_tnt/20230517_141602/left/vSampleNumber_at_Frame.h5"
31,20230517_145412,right,20230517_145412right,2023-05-17,NM91,2023-05-11,6,pc2_control,2023-05-12,5,1,10000,"/run/user/1000/gvfs/smb-share:server=cup.pni.princeton.edu,share=murthy/Kyle/flies/pc2l_tnt/20230517_145412/right/20230517_145412right.h5","/run/user/1000/gvfs/smb-share:server=cup.pni.princeton.edu,share=murthy/Kyle/flies/pc2l_tnt/20230517_145412/right/sInf_params_new16mic.mat","/run/user/1000/gvfs/smb-share:server=cup.pni.princeton.edu,share=murthy/Kyle/flies/pc2l_tnt/20230517_145412/right/vSampleNumber_at_Frame.h5"
32,20230517_145412,left,20230517_145412left,2023-05-17,NM91,2023-05-11,6,pc2_control,2023-05-12,5,1,4679,"/run/user/1000/gvfs/smb-share:server=cup.pni.princeton.edu,share=murthy/Kyle/flies/pc2l_tnt/20230517_145412/left/20230517_145412left.h5","/run/user/1000/gvfs/smb-share:server=cup.pni.princeton.edu,share=murthy/Kyle/flies/pc2l_tnt/20230517_145412/left/sInf_params_new16mic.mat","/run/user/1000/gvfs/smb-share:server=cup.pni.princeton.edu,share=murthy/Kyle/flies/pc2l_tnt/20230517_145412/left/vSampleNumber_at_Frame.h5"
33,20230517_153128,right,20230517_153128right,2023-05-17,NM91,2023-05-10,7,pc2_control,2023-05-12,5,1,24810,"/run/user/1000/gvfs/smb-share:server=cup.pni.princeton.edu,share=murthy/Kyle/flies/pc2l_tnt/20230517_153128/right/20230517_153128right.h5","/run/user/1000/gvfs/smb-share:server=cup.pni.princeton.edu,share=murthy/Kyle/flies/pc2l_tnt/20230517_153128/right/sInf_params_new16mic.mat","/run/user/1000/gvfs/smb-share:server=cup.pni.princeton.edu,share=murthy/Kyle/flies/pc2l_tnt/20230517_153128/right/vSampleNumber_at_Frame.h5"
34,20230517_153128,left,20230517_153128left,2023-05-17,NM91,2023-05-10,7,pc2_control,2023-05-12,5,1,16172,"/run/user/1000/gvfs/smb-share:server=cup.pni.princeton.edu,share=murthy/Kyle/flies/pc2l_tnt/20230517_153128/left/20230517_153128left.h5","/run/user/1000/gvfs/smb-share:server=cup.pni.princeton.edu,share=murthy/Kyle/flies/pc2l_tnt/20230517_153128/left/sInf_params_new16mic.mat","/run/user/1000/gvfs/smb-share:server=cup.pni.princeton.edu,share=murthy/Kyle/flies/pc2l_tnt/20230517_153128/left/vSampleNumber_at_Frame.h5"
35,20230517_160901,right,20230517_160901right,2023-05-17,NM91,2023-05-10,7,pc2_control,2023-05-12,5,1,24818,"/run/user/1000/gvfs/smb-share:server=cup.pni.princeton.edu,share=murthy/Kyle/flies/pc2l_tnt/20230517_160901/right/20230517_160901right.h5","/run/user/1000/gvfs/smb-share:server=cup.pni.princeton.edu,share=murthy/Kyle/flies/pc2l_tnt/20230517_160901/right/sInf_params_new16mic.mat","/run/user/1000/gvfs/smb-share:server=cup.pni.princeton.edu,share=murthy/Kyle/flies/pc2l_tnt/20230517_160901/right/vSampleNumber_at_Frame.h5"
36,20230517_160901,left,20230517_160901left,2023-05-17,NM91,2023-05-10,7,pc2_control,2023-05-12,5,0,NaN,"/run/user/1000/gvfs/smb-share:server=cup.pni.princeton.edu,share=murthy/Kyle/flies/pc2l_tnt/20230517_160901/left/20230517_160901left.h5","/run/user/1000/gvfs/smb-share:server=cup.pni.princeton.edu,share=murthy/Kyle/flies/pc2l_tnt/20230517_160901/left/sInf_params_new16mic.mat","/run/user/1000/gvfs/smb-share:server=cup.pni.princeton.edu,share=murthy/Kyle/flies/pc2l_tnt/20230517_160901/left/vSampleNumber_at_Frame.h5"
37,20230517_164537,right,20230517_164537right,2023-05-17,NM91,2023-05-10,7,pc2_control,2023-05-12,5,1,28000,"/run/user/1000/gvfs/smb-share:server=cup.pni.princeton.edu,share=murthy/Kyle/flies/pc2l_tnt/20230517_164537/right/20230517_164537right.h5","/run/user/1000/gvfs/smb-share:server=cup.pni.princeton.edu,share=murthy/Kyle/flies/pc2l_tnt/20230517_164537/right/sInf_params_new16mic.mat","/run/user/1000/gvfs/smb-share:server=cup.pni.princeton.edu,share=murthy/Kyle/flies/pc2l_tnt/20230517_164537/right/vSampleNumber_at_Frame.h5"
38,20230517_164537,left,20230517_164537left,2023-05-17,NM91,2023-05-10,7,pc2_control,2023-05-12,5,1,3068,"/run/user/1000/gvfs/smb-share:server=cup.pni.princeton.edu,share=murthy/Kyle/flies/pc2l_tnt/20230517_164537/left/20230517_164537left.h5","/run/user/1000/gvfs/smb-share:server=cup.pni.princeton.edu,share=murthy/Kyle/flies/pc2l_tnt/20230517_164537/left/sInf_params_new16mic.mat","/run/user/1000/gvfs/smb-share:server=cup.pni.princeton.edu,share=murthy/Kyle/flies/pc2l_tnt/20230517_164537/left/vSampleNumber_at_Frame.h5"
39,20230518_101257,right,20230518_101257right,2023-05-18,NM91,2023-05-11,7,pc2_tnt,2023-05-12,6,0,NaN,"/run/user/1000/gvfs/smb-share:server=cup.pni.princeton.edu,share=murthy/Kyle/flies/pc2l_tnt/20230518_101257/right/20230518_101257right.h5","/run/user/1000/gvfs/smb-share:server=cup.pni.princeton.edu,share=murthy/Kyle/flies/pc2l_tnt/20230518_101257/right/sInf_params_new16mic.mat","/run/user/1000/gvfs/smb-share:server=cup.pni.princeton.edu,share=murthy/Kyle/flies/pc2l_tnt/20230518_101257/right/vSampleNumber_at_Frame.h5"
40,20230518_101257,left,20230518_101257left,2023-05-18,NM91,2023-05-11,7,pc2_tnt,2023-05-12,6,0,NaN,"/run/user/1000/gvfs/smb-share:server=cup.pni.princeton.edu,share=murthy/Kyle/flies/pc2l_tnt/20230518_101257/left/20230518_101257left.h5","/run/user/1000/gvfs/smb-share:server=cup.pni.princeton.edu,share=murthy/Kyle/flies/pc2l_tnt/20230518_101257/left/sInf_params_new16mic.mat","/run/user/1000/gvfs/smb-share:server=cup.pni.princeton.edu,share=murthy/Kyle/flies/pc2l_tnt/20230518_101257/left/vSampleNumber_at_Frame.h5"
41,20230518_104848,right,20230518_104848right,2023-05-18,NM91,2023-05-11,7,pc2_control,2023-05-12,6,1,76382,"/run/user/1000/gvfs/smb-share:server=cup.pni.princeton.edu,share=murthy/Kyle/flies/pc2l_tnt/20230518_104848/right/20230518_104848right.h5","/run/user/1000/gvfs/smb-share:server=cup.pni.princeton.edu,share=murthy/Kyle/flies/pc2l_tnt/20230518_104848/right/sInf_params_new16mic.mat","/run/user/1000/gvfs/smb-share:server=cup.pni.princeton.edu,share=murthy/Kyle/flies/pc2l_tnt/20230518_104848/right/vSampleNumber_at_Frame.h5"
42,20230518_104848,left,20230518_104848left,2023-05-18,NM91,2023-05-11,7,pc2_tnt,2023-05-12,6,0,NaN,"/run/user/1000/gvfs/smb-share:server=cup.pni.princeton.edu,share=murthy/Kyle/flies/pc2l_tnt/20230518_104848/left/20230518_104848left.h5","/run/user/1000/gvfs/smb-share:server=cup.pni.princeton.edu,share=murthy/Kyle/flies/pc2l_tnt/20230518_104848/left/sInf_params_new16mic.mat","/run/user/1000/gvfs/smb-share:server=cup.pni.princeton.edu,share=murthy/Kyle/flies/pc2l_tnt/20230518_104848/left/vSampleNumber_at_Frame.h5"
43,20230518_130529,right,20230518_130529right,2023-05-18,NM91,2023-05-11,7,pc2_control,2023-05-12,6,1,81974,"/run/user/1000/gvfs/smb-share:server=cup.pni.princeton.edu,share=murthy/Kyle/flies/pc2l_tnt/20230518_130529/right/20230518_130529right.h5","/run/user/1000/gvfs/smb-share:server=cup.pni.princeton.edu,share=murthy/Kyle/flies/pc2l_tnt/20230518_130529/right/sInf_params_new16mic.mat","/run/user/1000/gvfs/smb-share:server=cup.pni.princeton.edu,share=murthy/Kyle/flies/pc2l_tnt/20230518_130529/right/vSampleNumber_at_Frame.h5"
44,20230518_130529,left,20230518_130529left,2023-05-18,NM91,2023-05-11,7,pc2_control,2023-05-12,6,1,19997,"/run/user/1000/gvfs/smb-share:server=cup.pni.princeton.edu,share=murthy/Kyle/flies/pc2l_tnt/20230518_130529/left/20230518_130529left.h5","/run/user/1000/gvfs/smb-share:server=cup.pni.princeton.edu,share=murthy/Kyle/flies/pc2l_tnt/20230518_130529/left/sInf_params_new16mic.mat","/run/user/1000/gvfs/smb-share:server=cup.pni.princeton.edu,share=murthy/Kyle/flies/pc2l_tnt/20230518_130529/left/vSampleNumber_at_Frame.h5"
45,20230518_150226,right,20230518_150226right,2023-05-18,NM91,2023-05-11,7,pc2_tnt,2023-05-15,3,0,NaN,"/run/user/1000/gvfs/smb-share:server=cup.pni.princeton.edu,share=murthy/Kyle/flies/pc2l_tnt/20230518_150226/right/20230518_150226right.h5","/run/user/1000/gvfs/smb-share:server=cup.pni.princeton.edu,share=murthy/Kyle/flies/pc2l_tnt/20230518_150226/right/sInf_params_new16mic.mat","/run/user/1000/gvfs/smb-share:server=cup.pni.princeton.edu,share=murthy/Kyle/flies/pc2l_tnt/20230518_150226/right/vSampleNumber_at_Frame.h5"
46,20230518_150226,left,20230518_150226left,2023-05-18,NM91,2023-05-11,7,pc2_tnt,2023-05-15,3,0,NaN,"/run/user/1000/gvfs/smb-share:server=cup.pni.princeton.edu,share=murthy/Kyle/flies/pc2l_tnt/20230518_150226/left/20230518_150226left.h5","/run/user/1000/gvfs/smb-share:server=cup.pni.princeton.edu,share=murthy/Kyle/flies/pc2l_tnt/20230518_150226/left/sInf_params_new16mic.mat","/run/user/1000/gvfs/smb-share:server=cup.pni.princeton.edu,share=murthy/Kyle/flies/pc2l_tnt/20230518_150226/left/vSampleNumber_at_Frame.h5"
47,20230518_154044,right,20230518_154044right,2023-05-18,NM91,2023-05-11,7,pc2_tnt,2023-05-15,3,0,NaN,"/run/user/1000/gvfs/smb-share:server=cup.pni.princeton.edu,share=murthy/Kyle/flies/pc2l_tnt/20230518_154044/right/20230518_154044right.h5","/run/user/1000/gvfs/smb-share:server=cup.pni.princeton.edu,share=murthy/Kyle/flies/pc2l_tnt/20230518_154044/right/sInf_params_new16mic.mat","/run/user/1000/gvfs/smb-share:server=cup.pni.princeton.edu,share=murthy/Kyle/flies/pc2l_tnt/20230518_154044/right/vSampleNumber_at_Frame.h5"
48,20230518_154044,left,20230518_154044left,2023-05-18,NM91,2023-05-11,7,pc2_tnt,2023-05-15,3,0,NaN,"/run/user/1000/gvfs/smb-share:server=cup.pni.princeton.edu,share=murthy/Kyle/flies/pc2l_tnt/20230518_154044/left/20230518_154044left.h5","/run/user/1000/gvfs/smb-share:server=cup.pni.princeton.edu,share=murthy/Kyle/flies/pc2l_tnt/20230518_154044/left/sInf_params_new16mic.mat","/run/user/1000/gvfs/smb-share:server=cup.pni.princeton.edu,share=murthy/Kyle/flies/pc2l_tnt/20230518_154044/left/vSampleNumber_at_Frame.h5"
49,20230518_162500,right,20230518_162500right,2023-05-18,NM91,2023-05-11,7,pc2_tnt,2023-05-15,3,0,NaN,"/run/user/1000/gvfs/smb-share:server=cup.pni.princeton.edu,share=murthy/Kyle/flies/pc2l_tnt/20230518_162500/right/20230518_162500right.h5","/run/user/1000/gvfs/smb-share:server=cup.pni.princeton.edu,share=murthy/Kyle/flies/pc2l_tnt/20230518_162500/right/sInf_params_new16mic.mat","/run/user/1000/gvfs/smb-share:server=cup.pni.princeton.edu,share=murthy/Kyle/flies/pc2l_tnt/20230518_162500/right/vSampleNumber_at_Frame.h5"
50,20230518_162500,left,20230518_162500left,2023-05-18,NM91,2023-05-11,7,pc2_control,2023-05-12,6,0,NaN,"/run/user/1000/gvfs/smb-share:server=cup.pni.princeton.edu,share=murthy/Kyle/flies/pc2l_tnt/20230518_162500/left/20230518_162500left.h5","/run/user/1000/gvfs/smb-share:server=cup.pni.princeton.edu,share=murthy/Kyle/flies/pc2l_tnt/20230518_162500/left/sInf_params_new16mic.mat","/run/user/1000/gvfs/smb-share:server=cup.pni.princeton.edu,share=murthy/Kyle/flies/pc2l_tnt/20230518_162500/left/vSampleNumber_at_Frame.h5"
51,20230519_121359,left,20230519_121359left,2023-05-19,NM91,2023-05-15,4,pc2_tnt,2023-05-16,3,1,53590,"/run/user/1000/gvfs/smb-share:server=cup.pni.princeton.edu,share=murthy/Kyle/flies/pc2l_tnt/20230519_121359/left/20230519_121359left.h5","/run/user/1000/gvfs/smb-share:server=cup.pni.princeton.edu,share=murthy/Kyle/flies/pc2l_tnt/20230519_121359/left/sInf_params_new16mic.mat","/run/user/1000/gvfs/smb-share:server=cup.pni.princeton.edu,share=murthy/Kyle/flies/pc2l_tnt/20230519_121359/left/vSampleNumber_at_Frame.h5"
52,20230519_131155,right,20230519_131155right,2023-05-19,NM91,2023-05-16,3,pc2_tnt,2023-05-16,3,1,69680,"/run/user/1000/gvfs/smb-share:server=cup.pni.princeton.edu,share=murthy/Kyle/flies/pc2l_tnt/20230519_131155/right/20230519_131155right.h5","/run/user/1000/gvfs/smb-share:server=cup.pni.princeton.edu,share=murthy/Kyle/flies/pc2l_tnt/20230519_131155/right/sInf_params_new16mic.mat","/run/user/1000/gvfs/smb-share:server=cup.pni.princeton.edu,share=murthy/Kyle/flies/pc2l_tnt/20230519_131155/right/vSampleNumber_at_Frame.h5"
53,20230519_131155,left,20230519_131155left,2023-05-19,NM91,2023-05-16,3,pc2_tnt,2023-05-16,3,0,NaN,"/run/user/1000/gvfs/smb-share:server=cup.pni.princeton.edu,share=murthy/Kyle/flies/pc2l_tnt/20230519_131155/left/20230519_131155left.h5","/run/user/1000/gvfs/smb-share:server=cup.pni.princeton.edu,share=murthy/Kyle/flies/pc2l_tnt/20230519_131155/left/sInf_params_new16mic.mat","/run/user/1000/gvfs/smb-share:server=cup.pni.princeton.edu,share=murthy/Kyle/flies/pc2l_tnt/20230519_131155/left/vSampleNumber_at_Frame.h5"
54,20230519_134651,right,20230519_134651right,2023-05-19,NM91,2023-05-16,3,pc2_tnt,2023-05-16,3,0,NaN,"/run/user/1000/gvfs/smb-share:server=cup.pni.princeton.edu,share=murthy/Kyle/flies/pc2l_tnt/20230519_134651/right/20230519_134651right.h5","/run/user/1000/gvfs/smb-share:server=cup.pni.princeton.edu,share=murthy/Kyle/flies/pc2l_tnt/20230519_134651/right/sInf_params_new16mic.mat","/run/user/1000/gvfs/smb-share:server=cup.pni.princeton.edu,share=murthy/Kyle/flies/pc2l_tnt/20230519_134651/right/vSampleNumber_at_Frame.h5"
55,20230519_134651,left,20230519_134651left,2023-05-19,NM91,2023-05-16,3,pc2_tnt,2023-05-16,3,1,93022,"/run/user/1000/gvfs/smb-share:server=cup.pni.princeton.edu,share=murthy/Kyle/flies/pc2l_tnt/20230519_134651/left/20230519_134651left.h5","/run/user/1000/gvfs/smb-share:server=cup.pni.princeton.edu,share=murthy/Kyle/flies/pc2l_tnt/20230519_134651/left/sInf_params_new16mic.mat","/run/user/1000/gvfs/smb-share:server=cup.pni.princeton.edu,share=murthy/Kyle/flies/pc2l_tnt/20230519_134651/left/vSampleNumber_at_Frame.h5"
56,20230519_151758,right,20230519_151758right,2023-05-19,NM91,2023-05-15,4,pc2_tnt,2023-05-15,4,0,NaN,"/run/user/1000/gvfs/smb-share:server=cup.pni.princeton.edu,share=murthy/Kyle/flies/pc2l_tnt/20230519_151758/right/20230519_151758right.h5","/run/user/1000/gvfs/smb-share:server=cup.pni.princeton.edu,share=murthy/Kyle/flies/pc2l_tnt/20230519_151758/right/sInf_params_new16mic.mat","/run/user/1000/gvfs/smb-share:server=cup.pni.princeton.edu,share=murthy/Kyle/flies/pc2l_tnt/20230519_151758/right/vSampleNumber_at_Frame.h5"
57,20230519_151758,left,20230519_151758left,2023-05-19,NM91,2023-05-15,4,pc2_control,2023-05-15,4,1,15920,"/run/user/1000/gvfs/smb-share:server=cup.pni.princeton.edu,share=murthy/Kyle/flies/pc2l_tnt/20230519_151758/left/20230519_151758left.h5","/run/user/1000/gvfs/smb-share:server=cup.pni.princeton.edu,share=murthy/Kyle/flies/pc2l_tnt/20230519_151758/left/sInf_params_new16mic.mat","/run/user/1000/gvfs/smb-share:server=cup.pni.princeton.edu,share=murthy/Kyle/flies/pc2l_tnt/20230519_151758/left/vSampleNumber_at_Frame.h5"
58,20230519_155704,right,20230519_155704right,2023-05-19,NM91,2023-05-15,4,pc2_control,2023-05-15,4,1,27148,"/run/user/1000/gvfs/smb-share:server=cup.pni.princeton.edu,share=murthy/Kyle/flies/pc2l_tnt/20230519_155704/right/20230519_155704right.h5","/run/user/1000/gvfs/smb-share:server=cup.pni.princeton.edu,share=murthy/Kyle/flies/pc2l_tnt/20230519_155704/right/sInf_params_new16mic.mat","/run/user/1000/gvfs/smb-share:server=cup.pni.princeton.edu,share=murthy/Kyle/flies/pc2l_tnt/20230519_155704/right/vSampleNumber_at_Frame.h5"
59,20230519_155704,left,20230519_155704left,2023-05-19,NM91,2023-05-15,4,pc2_tnt,2023-05-15,4,0,NaN,"/run/user/1000/gvfs/smb-share:server=cup.pni.princeton.edu,share=murthy/Kyle/flies/pc2l_tnt/20230519_155704/left/20230519_155704left.h5","/run/user/1000/gvfs/smb-share:server=cup.pni.princeton.edu,share=murthy/Kyle/flies/pc2l_tnt/20230519_155704/left/sInf_params_new16mic.mat","/run/user/1000/gvfs/smb-share:server=cup.pni.princeton.edu,share=murthy/Kyle/flies/pc2l_tnt/20230519_155704/left/vSampleNumber_at_Frame.h5"
60,20230522_120911,right,20230522_120911right,2023-05-22,NM91,2023-05-17,5,pc2_tnt,2023-05-17,5,0,NaN,"/run/user/1000/gvfs/smb-share:server=cup.pni.princeton.edu,share=murthy/Kyle/flies/pc2l_tnt/20230522_120911/right/20230522_120911right.h5","/run/user/1000/gvfs/smb-share:server=cup.pni.princeton.edu,share=murthy/Kyle/flies/pc2l_tnt/20230522_120911/right/sInf_params_new16mic.mat","/run/user/1000/gvfs/smb-share:server=cup.pni.princeton.edu,share=murthy/Kyle/flies/pc2l_tnt/20230522_120911/right/vSampleNumber_at_Frame.h5"
61,20230522_120911,left,20230522_120911left,2023-05-22,NM91,2023-05-17,5,pc2_tnt,2023-05-17,5,0,NaN,"/run/user/1000/gvfs/smb-share:server=cup.pni.princeton.edu,share=murthy/Kyle/flies/pc2l_tnt/20230522_120911/left/20230522_120911left.h5","/run/user/1000/gvfs/smb-share:server=cup.pni.princeton.edu,share=murthy/Kyle/flies/pc2l_tnt/20230522_120911/left/sInf_params_new16mic.mat","/run/user/1000/gvfs/smb-share:server=cup.pni.princeton.edu,share=murthy/Kyle/flies/pc2l_tnt/20230522_120911/left/vSampleNumber_at_Frame.h5"
62,20230522_125003,right,20230522_125003right,2023-05-22,NM91,2023-05-17,5,pc2_tnt,2023-05-18,4,0,NaN,"/run/user/1000/gvfs/smb-share:server=cup.pni.princeton.edu,share=murthy/Kyle/flies/pc2l_tnt/20230522_125003/right/20230522_125003right.h5","/run/user/1000/gvfs/smb-share:server=cup.pni.princeton.edu,share=murthy/Kyle/flies/pc2l_tnt/20230522_125003/right/sInf_params_new16mic.mat","/run/user/1000/gvfs/smb-share:server=cup.pni.princeton.edu,share=murthy/Kyle/flies/pc2l_tnt/20230522_125003/right/vSampleNumber_at_Frame.h5"
63,20230522_125003,left,20230522_125003left,2023-05-22,NM91,2023-05-17,5,pc2_tnt,2023-05-17,5,0,NaN,"/run/user/1000/gvfs/smb-share:server=cup.pni.princeton.edu,share=murthy/Kyle/flies/pc2l_tnt/20230522_125003/left/20230522_125003left.h5","/run/user/1000/gvfs/smb-share:server=cup.pni.princeton.edu,share=murthy/Kyle/flies/pc2l_tnt/20230522_125003/left/sInf_params_new16mic.mat","/run/user/1000/gvfs/smb-share:server=cup.pni.princeton.edu,share=murthy/Kyle/flies/pc2l_tnt/20230522_125003/left/vSampleNumber_at_Frame.h5"
64,20230523_114756,right,20230523_114756right,2023-05-23,NM91,2023-05-17,6,pc2_control,2023-05-17,6,1,82966,"/run/user/1000/gvfs/smb-share:server=cup.pni.princeton.edu,share=murthy/Kyle/flies/pc2l_tnt/20230523_114756/right/20230523_114756right.h5","/run/user/1000/gvfs/smb-share:server=cup.pni.princeton.edu,share=murthy/Kyle/flies/pc2l_tnt/20230523_114756/right/sInf_params_new16mic.mat","/run/user/1000/gvfs/smb-share:server=cup.pni.princeton.edu,share=murthy/Kyle/flies/pc2l_tnt/20230523_114756/right/vSampleNumber_at_Frame.h5"
65,20230523_114756,left,20230523_114756left,2023-05-23,NM91,2023-05-17,6,pc2_tnt,2023-05-19,4,0,NaN,"/run/user/1000/gvfs/smb-share:server=cup.pni.princeton.edu,share=murthy/Kyle/flies/pc2l_tnt/20230523_114756/left/20230523_114756left.h5","/run/user/1000/gvfs/smb-share:server=cup.pni.princeton.edu,share=murthy/Kyle/flies/pc2l_tnt/20230523_114756/left/sInf_params_new16mic.mat","/run/user/1000/gvfs/smb-share:server=cup.pni.princeton.edu,share=murthy/Kyle/flies/pc2l_tnt/20230523_114756/left/vSampleNumber_at_Frame.h5"
66,20230523_122541,right,20230523_122541right,2023-05-23,NM91,2023-05-17,6,pc2_control,2023-05-17,6,1,16917,"/run/user/1000/gvfs/smb-share:server=cup.pni.princeton.edu,share=murthy/Kyle/flies/pc2l_tnt/20230523_122541/right/20230523_122541right.h5","/run/user/1000/gvfs/smb-share:server=cup.pni.princeton.edu,share=murthy/Kyle/flies/pc2l_tnt/20230523_122541/right/sInf_params_new16mic.mat","/run/user/1000/gvfs/smb-share:server=cup.pni.princeton.edu,share=murthy/Kyle/flies/pc2l_tnt/20230523_122541/right/vSampleNumber_at_Frame.h5"
67,20230523_122541,left,20230523_122541left,2023-05-23,NM91,2023-05-17,6,pc2_control,2023-05-17,6,1,30154,"/run/user/1000/gvfs/smb-share:server=cup.pni.princeton.edu,share=murthy/Kyle/flies/pc2l_tnt/20230523_122541/left/20230523_122541left.h5","/run/user/1000/gvfs/smb-share:server=cup.pni.princeton.edu,share=murthy/Kyle/flies/pc2l_tnt/20230523_122541/left/sInf_params_new16mic.mat","/run/user/1000/gvfs/smb-share:server=cup.pni.princeton.edu,share=murthy/Kyle/flies/pc2l_tnt/20230523_122541/left/vSampleNumber_at_Frame.h5"
